<?xml version="1.0" encoding="utf-8" ?><dwsync><file name="function.php" server="dev.boiscab.com" local="3479964606" remote="7772191936" Dst="-1" /><file name="indenter.php" server="dev.boiscab.com" local="3479964606" remote="-4611698487535190848" Dst="-1" /><file name="makeClass.php" server="dev.boiscab.com" local="3479964606" remote="-4611698487535190848" Dst="-1" /><file name="makePDO.php" server="dev.boiscab.com" local="3479964607" remote="-4611698487535190848" Dst="-1" /><file name="function.php" server="sftp.dc0.gpaas.net//lamp0/web/vhosts/www.lavieillesardine.fr/htdocs/" local="3479964606" remote="-4611765506202137134" Dst="-1" /><file name="indenter.php" server="sftp.dc0.gpaas.net//lamp0/web/vhosts/www.lavieillesardine.fr/htdocs/" local="3479964606" remote="-4611765506202137132" Dst="-1" /><file name="makeClass.php" server="sftp.dc0.gpaas.net//lamp0/web/vhosts/www.lavieillesardine.fr/htdocs/" local="3479964606" remote="-4611765506202137132" Dst="-1" /><file name="makePDO.php" server="sftp.dc0.gpaas.net//lamp0/web/vhosts/www.lavieillesardine.fr/htdocs/" local="3479964607" remote="-4611765506202137131" Dst="-1" /></dwsync>