<?xml version="1.0" encoding="utf-8" ?><dwsync><file name="extractSourceSpans.js" server="dev.boiscab.com" local="3479964607" remote="7772191936" Dst="-1" /><file name="externs.js" server="dev.boiscab.com" local="3479964607" remote="-4611698487535190848" Dst="-1" /><file name="combinePrefixPatterns.js" server="dev.boiscab.com" local="3479964608" remote="-4611698487535190848" Dst="-1" /><file name="extractSourceSpans_test.html" server="dev.boiscab.com" local="3479964608" remote="-4611698487535190848" Dst="-1" /><file name="numberLines.js" server="dev.boiscab.com" local="3479964608" remote="-4611698487535190848" Dst="-1" /><file name="numberLines_test.html" server="dev.boiscab.com" local="3479964608" remote="-4611698487535190848" Dst="-1" /><file name="prettify.js" server="dev.boiscab.com" local="3479964608" remote="-4611698487535190848" Dst="-1" /><file name="recombineTagsAndDecorations.js" server="dev.boiscab.com" local="3479964609" remote="-4611698487535190848" Dst="-1" /><file name="recombineTagsAndDecorations_test.html" server="dev.boiscab.com" local="3479964609" remote="-4611698487535190848" Dst="-1" /><file name="regexpPrecederPatterns.pl" server="dev.boiscab.com" local="3479964609" remote="-4611698487535190848" Dst="-1" /><file name="combinePrefixPatterns.js" server="sftp.dc0.gpaas.net//lamp0/web/vhosts/www.lavieillesardine.fr/htdocs/" local="3479964608" remote="-4611788595946320426" Dst="-1" /><file name="externs.js" server="sftp.dc0.gpaas.net//lamp0/web/vhosts/www.lavieillesardine.fr/htdocs/" local="3479964607" remote="-4611788595946320425" Dst="-1" /><file name="extractSourceSpans.js" server="sftp.dc0.gpaas.net//lamp0/web/vhosts/www.lavieillesardine.fr/htdocs/" local="3479964607" remote="-4611788595946320425" Dst="-1" /><file name="extractSourceSpans_test.html" server="sftp.dc0.gpaas.net//lamp0/web/vhosts/www.lavieillesardine.fr/htdocs/" local="3479964608" remote="-4611788595946320425" Dst="-1" /><file name="numberLines.js" server="sftp.dc0.gpaas.net//lamp0/web/vhosts/www.lavieillesardine.fr/htdocs/" local="3479964608" remote="-4611788595946320425" Dst="-1" /><file name="numberLines_test.html" server="sftp.dc0.gpaas.net//lamp0/web/vhosts/www.lavieillesardine.fr/htdocs/" local="3479964608" remote="-4611788595946320424" Dst="-1" /><file name="prettify.js" server="sftp.dc0.gpaas.net//lamp0/web/vhosts/www.lavieillesardine.fr/htdocs/" local="3479964608" remote="-4611788595946320424" Dst="-1" /><file name="recombineTagsAndDecorations.js" server="sftp.dc0.gpaas.net//lamp0/web/vhosts/www.lavieillesardine.fr/htdocs/" local="3479964609" remote="-4611788595946320424" Dst="-1" /><file name="recombineTagsAndDecorations_test.html" server="sftp.dc0.gpaas.net//lamp0/web/vhosts/www.lavieillesardine.fr/htdocs/" local="3479964609" remote="-4611788595946320424" Dst="-1" /><file name="regexpPrecederPatterns.pl" server="sftp.dc0.gpaas.net//lamp0/web/vhosts/www.lavieillesardine.fr/htdocs/" local="3479964609" remote="-4611788595946320420" Dst="-1" /></dwsync>