<?xml version="1.0" encoding="utf-8" ?><dwsync><file name="lang-apollo.js" server="dev.boiscab.com" local="3479964609" remote="7772191936" Dst="-1" /><file name="lang-clj.js" server="dev.boiscab.com" local="3479964609" remote="-4611698487535190848" Dst="-1" /><file name="lang-css.js" server="dev.boiscab.com" local="3479964609" remote="-4611698487535190848" Dst="-1" /><file name="lang-go.js" server="dev.boiscab.com" local="3479964610" remote="-4611698487535190848" Dst="-1" /><file name="lang-hs.js" server="dev.boiscab.com" local="3479964610" remote="-4611698487535190848" Dst="-1" /><file name="lang-lisp.js" server="dev.boiscab.com" local="3479964610" remote="-4611698487535190848" Dst="-1" /><file name="lang-lua.js" server="dev.boiscab.com" local="3479964610" remote="-4611698487535190848" Dst="-1" /><file name="lang-ml.js" server="dev.boiscab.com" local="3479964610" remote="-4611698487535190848" Dst="-1" /><file name="lang-n.js" server="dev.boiscab.com" local="3479964611" remote="-4611698487535190848" Dst="-1" /><file name="lang-proto.js" server="dev.boiscab.com" local="3479964611" remote="-4611698487535190848" Dst="-1" /><file name="lang-scala.js" server="dev.boiscab.com" local="3479964611" remote="-4611698487535190848" Dst="-1" /><file name="lang-sql.js" server="dev.boiscab.com" local="3479964611" remote="-4611698487535190848" Dst="-1" /><file name="lang-tex.js" server="dev.boiscab.com" local="3479964612" remote="-4611698487535190848" Dst="-1" /><file name="lang-vb.js" server="dev.boiscab.com" local="3479964612" remote="-4611698487535190848" Dst="-1" /><file name="lang-vhdl.js" server="dev.boiscab.com" local="3479964612" remote="-4611698487535190848" Dst="-1" /><file name="lang-wiki.js" server="dev.boiscab.com" local="3479964612" remote="-4611698487535190848" Dst="-1" /><file name="lang-xq.js" server="dev.boiscab.com" local="3479964612" remote="-4611698487535190848" Dst="-1" /><file name="lang-yaml.js" server="dev.boiscab.com" local="3479964612" remote="-4611698487535190848" Dst="-1" /><file name="prettify.css" server="dev.boiscab.com" local="3479964613" remote="-4611698487535190848" Dst="-1" /><file name="prettify.js" server="dev.boiscab.com" local="3479964613" remote="7772191936" Dst="-1" /><file name="prettify.css" server="sftp.dc0.gpaas.net//lamp0/web/vhosts/www.lavieillesardine.fr/htdocs/" local="3479964613" remote="-4611788595946320422" Dst="-1" /><file name="lang-apollo.js" server="sftp.dc0.gpaas.net//lamp0/web/vhosts/www.lavieillesardine.fr/htdocs/" local="3479964609" remote="-4611788595946320419" Dst="-1" /><file name="lang-clj.js" server="sftp.dc0.gpaas.net//lamp0/web/vhosts/www.lavieillesardine.fr/htdocs/" local="3479964609" remote="-4611788595946320419" Dst="-1" /><file name="lang-css.js" server="sftp.dc0.gpaas.net//lamp0/web/vhosts/www.lavieillesardine.fr/htdocs/" local="3479964609" remote="-4611788595946320418" Dst="-1" /><file name="lang-go.js" server="sftp.dc0.gpaas.net//lamp0/web/vhosts/www.lavieillesardine.fr/htdocs/" local="3479964610" remote="-4611788595946320418" Dst="-1" /><file name="lang-hs.js" server="sftp.dc0.gpaas.net//lamp0/web/vhosts/www.lavieillesardine.fr/htdocs/" local="3479964610" remote="-4611788595946320418" Dst="-1" /><file name="lang-lisp.js" server="sftp.dc0.gpaas.net//lamp0/web/vhosts/www.lavieillesardine.fr/htdocs/" local="3479964610" remote="-4611788595946320418" Dst="-1" /><file name="lang-lua.js" server="sftp.dc0.gpaas.net//lamp0/web/vhosts/www.lavieillesardine.fr/htdocs/" local="3479964610" remote="-4611788595946320417" Dst="-1" /><file name="lang-ml.js" server="sftp.dc0.gpaas.net//lamp0/web/vhosts/www.lavieillesardine.fr/htdocs/" local="3479964610" remote="-4611788595946320417" Dst="-1" /><file name="lang-n.js" server="sftp.dc0.gpaas.net//lamp0/web/vhosts/www.lavieillesardine.fr/htdocs/" local="3479964611" remote="-4611788595946320417" Dst="-1" /><file name="lang-proto.js" server="sftp.dc0.gpaas.net//lamp0/web/vhosts/www.lavieillesardine.fr/htdocs/" local="3479964611" remote="-4611788595946320417" Dst="-1" /><file name="lang-scala.js" server="sftp.dc0.gpaas.net//lamp0/web/vhosts/www.lavieillesardine.fr/htdocs/" local="3479964611" remote="-4611788595946320416" Dst="-1" /><file name="lang-sql.js" server="sftp.dc0.gpaas.net//lamp0/web/vhosts/www.lavieillesardine.fr/htdocs/" local="3479964611" remote="-4611788595946320416" Dst="-1" /><file name="lang-tex.js" server="sftp.dc0.gpaas.net//lamp0/web/vhosts/www.lavieillesardine.fr/htdocs/" local="3479964612" remote="-4611788595946320416" Dst="-1" /><file name="lang-vb.js" server="sftp.dc0.gpaas.net//lamp0/web/vhosts/www.lavieillesardine.fr/htdocs/" local="3479964612" remote="-4611788595946320416" Dst="-1" /><file name="lang-vhdl.js" server="sftp.dc0.gpaas.net//lamp0/web/vhosts/www.lavieillesardine.fr/htdocs/" local="3479964612" remote="-4611788595946320415" Dst="-1" /><file name="lang-wiki.js" server="sftp.dc0.gpaas.net//lamp0/web/vhosts/www.lavieillesardine.fr/htdocs/" local="3479964612" remote="-4611788595946320415" Dst="-1" /><file name="lang-xq.js" server="sftp.dc0.gpaas.net//lamp0/web/vhosts/www.lavieillesardine.fr/htdocs/" local="3479964612" remote="-4611788595946320415" Dst="-1" /><file name="lang-yaml.js" server="sftp.dc0.gpaas.net//lamp0/web/vhosts/www.lavieillesardine.fr/htdocs/" local="3479964612" remote="-4611788595946320414" Dst="-1" /><file name="prettify.js" server="sftp.dc0.gpaas.net//lamp0/web/vhosts/www.lavieillesardine.fr/htdocs/" local="3479964613" remote="-4611788595946320413" Dst="-1" /></dwsync>